Date,Incoming Calls,Answered Calls,Abandoned Calls,Answer Speed (AVG),Talk Duration (AVG),Waiting Time (AVG)
2022-01-01,157,145,12,0:00:15,0:02:29,0:03:12
2022-01-02,37,37,0,0:00:03,0:02:06,0:00:35
2022-01-03,317,304,13,0:00:18,0:01:35,0:02:37
2022-01-04,253,244,9,0:00:13,0:01:50,0:02:02
2022-01-05,214,205,9,0:00:10,0:02:10,0:03:22
2022-01-06,222,200,22,0:00:15,0:02:18,0:06:12
2022-01-07,375,348,27,0:00:19,0:01:40,0:03:29
2022-01-08,166,164,2,0:00:12,0:02:10,0:02:46
2022-01-09,32,32,0,0:00:02,0:02:03,0:00:03
2022-01-10,232,222,10,0:00:08,0:01:49,0:02:18
2022-01-11,206,197,9,0:00:07,0:01:52,0:02:48
2022-01-12,343,313,30,0:00:13,0:01:51,0:03:40
2022-01-13,181,174,7,0:00:13,0:02:18,0:03:26
2022-01-14,229,211,18,0:00:20,0:02:04,0:04:53
2022-01-15,228,212,16,0:00:10,0:02:03,0:02:45
2022-01-16,45,44,1,0:00:02,0:02:04,0:00:55
2022-01-17,222,194,28,0:00:26,0:02:43,0:06:28
2022-01-18,189,174,15,0:00:15,0:02:16,0:04:39
2022-01-19,192,184,8,0:00:10,0:02:09,0:03:40
2022-01-20,190,174,16,0:00:15,0:02:25,0:03:09
2022-01-21,155,148,7,0:00:10,0:02:27,0:03:36
2022-01-22,169,150,19,0:00:18,0:02:26,0:04:38
2022-01-23,58,57,1,0:00:04,0:02:26,0:00:58
2022-01-24,161,153,8,0:00:10,0:02:23,0:02:45
2022-01-25,87,79,8,0:00:32,0:02:43,0:04:40
2022-01-26,182,170,12,0:00:23,0:02:31,0:05:45
2022-01-27,213,192,21,0:00:26,0:02:16,0:05:35
2022-01-28,164,157,7,0:00:14,0:02:19,0:02:55
2022-01-29,143,140,3,0:00:15,0:02:20,0:04:43
2022-01-30,57,55,2,0:00:06,0:02:03,0:01:50
2022-01-31,180,172,8,0:00:13,0:02:17,0:03:23
2022-02-01,196,184,12,0:00:24,0:02:24,0:03:19
2022-02-02,202,196,6,0:00:15,0:02:16,0:04:53
2022-02-03,223,189,34,0:00:32,0:02:37,0:08:04
2022-02-04,194,190,4,0:00:16,0:02:22,0:02:02
2022-02-05,228,219,9,0:00:15,0:02:44,0:03:55
2022-02-06,52,52,0,0:00:09,0:02:16,0:00:52
2022-02-07,388,370,18,0:00:20,0:02:11,0:03:10
2022-02-08,138,130,8,0:00:16,0:02:26,0:09:47
2022-02-09,254,252,2,0:00:10,0:02:08,0:01:10
2022-02-10,212,206,6,0:00:11,0:02:24,0:04:37
2022-02-11,282,279,3,0:00:07,0:02:18,0:01:11
2022-02-12,262,260,2,0:00:08,0:02:31,0:01:13
2022-02-13,65,63,2,0:00:12,0:02:22,0:02:10
2022-02-14,325,323,2,0:00:05,0:02:13,0:01:14
2022-02-15,236,230,6,0:00:05,0:02:19,0:00:58
2022-02-16,215,212,3,0:00:05,0:02:14,0:00:58
2022-02-17,85,85,0,0:00:03,0:02:26,0:00:55
2022-02-18,195,195,0,0:00:05,0:02:24,0:02:13
2022-02-19,189,182,7,0:00:15,0:02:14,0:01:51
2022-02-20,58,58,0,0:00:06,0:02:22,0:00:52
2022-02-21,251,247,4,0:00:14,0:02:16,0:01:53
2022-02-22,181,178,3,0:00:12,0:02:24,0:01:57
2022-02-23,231,213,18,0:00:26,0:02:16,0:03:07
2022-02-24,165,163,2,0:00:09,0:02:25,0:02:20
2022-02-25,186,179,7,0:00:17,0:02:17,0:02:33
2022-02-26,173,164,9,0:00:18,0:02:27,0:04:09
2022-02-27,58,51,7,0:00:07,0:01:47,0:03:40
2022-02-28,201,192,9,0:00:10,0:02:18,0:02:49
2022-03-01,202,199,3,0:00:08,0:02:05,0:01:17
2022-03-02,218,212,6,0:00:07,0:01:55,0:01:50
2022-03-03,225,223,2,0:00:09,0:02:09,0:01:06
2022-03-04,235,231,4,0:00:08,0:02:19,0:01:06
2022-03-05,202,201,1,0:00:08,0:02:21,0:01:53
2022-03-06,43,39,4,0:00:11,0:02:15,0:01:50
2022-03-07,195,187,8,0:00:10,0:02:27,0:02:30
2022-03-08,202,199,3,0:00:13,0:02:23,0:01:58
2022-03-09,147,140,7,0:00:12,0:02:13,0:04:35
2022-03-10,147,145,2,0:00:09,0:02:15,0:00:58
2022-03-11,157,145,12,0:00:12,0:02:33,0:04:33
2022-03-12,157,156,1,0:00:09,0:02:24,0:00:53
2022-03-13,38,36,2,0:00:13,0:02:11,0:00:59
2022-03-14,166,162,4,0:00:09,0:02:29,0:02:45
2022-03-15,228,216,12,0:00:13,0:02:15,0:01:46
2022-03-16,254,247,7,0:00:10,0:01:54,0:01:17
2022-03-17,134,134,0,0:00:03,0:02:13,0:00:26
2022-03-18,70,67,3,0:00:12,0:02:01,0:01:16
2022-03-19,83,82,1,0:00:07,0:02:03,0:01:16
2022-03-20,42,40,2,0:00:08,0:01:51,0:01:36
2022-03-21,66,64,2,0:00:05,0:02:00,0:01:39
2022-03-22,154,146,8,0:00:20,0:02:08,0:04:32
2022-03-23,142,135,7,0:00:23,0:02:06,0:02:15
2022-03-24,146,143,3,0:00:17,0:01:57,0:02:27
2022-03-25,144,140,4,0:00:12,0:01:53,0:02:05
2022-03-26,105,103,2,0:00:17,0:01:55,0:02:01
2022-03-27,36,35,1,0:00:16,0:01:54,0:01:31
2022-03-28,61,57,4,0:00:04,0:02:00,0:03:41
2022-03-29,60,58,2,0:00:11,0:02:08,0:01:34
2022-03-30,18,17,1,0:00:05,0:02:39,0:00:20
2022-03-31,206,202,4,0:00:09,0:01:54,0:01:10
2022-04-01,194,193,1,0:00:11,0:01:57,0:01:34
2022-04-02,207,200,7,0:00:10,0:02:08,0:02:00
2022-04-03,53,53,0,0:00:18,0:02:08,0:02:10
2022-04-04,147,145,2,0:00:09,0:01:50,0:01:24
2022-04-05,201,197,4,0:00:09,0:01:59,0:02:23
2022-04-06,202,198,4,0:00:10,0:02:09,0:01:11
2022-04-07,227,219,8,0:00:10,0:02:12,0:02:45
2022-04-08,167,163,4,0:00:07,0:02:09,0:01:50
2022-04-09,164,164,0,0:00:11,0:02:17,0:01:45
2022-04-10,42,41,1,0:00:11,0:02:09,0:01:18
2022-04-11,79,78,1,0:00:07,0:02:23,0:00:48
2022-04-12,165,162,3,0:00:09,0:02:09,0:01:50
2022-04-13,181,174,7,0:00:16,0:02:16,0:01:43
2022-04-14,179,176,3,0:00:10,0:02:26,0:01:50
2022-04-15,217,215,2,0:00:08,0:02:08,0:02:07
2022-04-16,171,167,4,0:00:10,0:02:15,0:01:50
2022-04-17,37,37,0,0:00:09,0:01:57,0:01:22
2022-04-18,216,206,10,0:00:18,0:02:09,0:02:45
2022-04-19,219,212,7,0:00:16,0:02:17,0:02:09
2022-04-20,205,202,3,0:00:11,0:02:25,0:01:37
2022-04-21,196,190,6,0:00:12,0:02:22,0:01:14
2022-04-22,182,176,6,0:00:13,0:02:13,0:01:16
2022-04-23,213,206,7,0:00:11,0:02:20,0:01:49
2022-04-24,33,32,1,0:00:08,0:02:28,0:00:55
2022-04-25,300,287,13,0:00:13,0:01:35,0:02:51
2022-04-26,158,156,2,0:00:11,0:02:23,0:01:32
2022-04-27,156,154,2,0:00:12,0:02:13,0:01:01
2022-04-28,163,163,0,0:00:10,0:02:02,0:02:46
2022-04-29,98,98,0,0:00:07,0:02:10,0:01:10
2022-04-30,256,249,7,0:00:15,0:02:19,0:05:31
2022-05-01,50,49,1,0:00:08,0:02:02,0:00:57
2022-05-02,290,289,1,0:00:12,0:02:01,0:01:10
2022-05-03,299,281,18,0:00:22,0:02:08,0:04:30
2022-05-04,260,257,3,0:00:17,0:02:13,0:01:20
2022-05-05,202,193,9,0:00:19,0:02:23,0:02:02
2022-05-06,132,131,1,0:00:17,0:02:13,0:01:30
2022-05-07,167,165,2,0:00:09,0:02:06,0:00:57
2022-05-08,86,79,7,0:00:18,0:02:25,0:01:53
2022-05-09,245,236,9,0:00:21,0:02:29,0:01:56
2022-05-10,186,182,4,0:00:14,0:02:13,0:01:38
2022-05-11,280,264,16,0:00:19,0:02:20,0:02:10
2022-05-12,272,268,4,0:00:15,0:02:30,0:01:45
2022-05-13,220,206,14,0:00:25,0:02:21,0:03:41
2022-05-14,152,148,4,0:00:14,0:02:18,0:01:25
2022-05-15,49,43,6,0:00:22,0:02:01,0:01:21
2022-05-16,187,181,6,0:00:14,0:02:20,0:01:49
2022-05-17,182,180,2,0:00:08,0:02:10,0:00:58
2022-05-18,192,188,4,0:00:20,0:01:58,0:01:56
2022-05-19,156,148,8,0:00:14,0:02:24,0:02:18
2022-05-20,144,142,2,0:00:11,0:02:19,0:01:05
2022-05-21,164,162,2,0:00:12,0:02:35,0:01:50
2022-05-22,27,26,1,0:00:11,0:02:04,0:01:17
2022-05-23,177,175,2,0:00:11,0:02:19,0:01:35
2022-05-24,134,131,3,0:00:14,0:02:23,0:01:39
2022-05-25,126,120,6,0:00:14,0:02:20,0:02:52
2022-05-26,167,163,4,0:00:16,0:02:24,0:01:12
2022-05-27,169,167,2,0:00:09,0:02:14,0:01:44
2022-05-28,162,160,2,0:00:16,0:02:15,0:01:31
2022-05-29,25,25,0,0:00:16,0:02:35,0:00:58
2022-05-30,159,146,13,0:00:17,0:02:17,0:01:51
2022-05-31,168,154,14,0:00:25,0:02:18,0:03:39
2022-06-01,58,55,3,0:00:16,0:02:11,0:02:45
2022-06-02,75,74,1,0:00:15,0:02:13,0:03:18
2022-06-03,28,28,0,0:00:07,0:02:28,0:00:51
2022-06-04,108,107,1,0:00:09,0:02:11,0:00:59
2022-06-05,21,21,0,0:00:07,0:02:58,0:00:58
2022-06-06,190,182,8,0:00:21,0:02:10,0:04:46
2022-06-07,162,155,7,0:00:19,0:02:27,0:01:50
2022-06-08,155,151,4,0:00:17,0:02:20,0:01:49
2022-06-09,163,150,13,0:00:17,0:02:22,0:02:45
2022-06-10,132,129,3,0:00:27,0:02:22,0:02:34
2022-06-11,122,119,3,0:00:16,0:02:24,0:01:50
2022-06-12,17,17,0,0:00:21,0:02:40,0:00:58
2022-06-13,45,45,0,0:00:06,0:02:06,0:00:57
2022-06-14,178,172,6,0:00:20,0:02:23,0:02:51
2022-06-15,133,132,1,0:00:10,0:02:25,0:00:59
2022-06-16,179,167,12,0:00:15,0:02:22,0:04:35
2022-06-17,127,124,3,0:00:16,0:02:22,0:01:45
2022-06-18,148,147,1,0:00:16,0:02:11,0:03:11
2022-06-19,23,23,0,0:00:32,0:02:02,0:02:43
2022-06-20,142,134,8,0:00:24,0:02:38,0:02:29
2022-06-21,124,120,4,0:00:20,0:02:33,0:02:58
2022-06-22,166,156,10,0:00:25,0:02:21,0:02:38
2022-06-23,168,166,2,0:00:21,0:02:33,0:03:43
2022-06-24,200,188,12,0:00:22,0:02:32,0:02:45
2022-06-25,140,133,7,0:00:17,0:02:40,0:03:03
2022-06-26,46,45,1,0:00:10,0:02:14,0:01:16
2022-06-27,186,174,12,0:00:23,0:02:37,0:04:35
2022-06-28,210,190,20,0:00:21,0:02:23,0:04:06
2022-06-29,193,180,13,0:00:21,0:02:32,0:01:53
2022-06-30,214,204,10,0:00:24,0:02:26,0:02:46
2022-07-01,489,451,38,0:00:16,0:00:57,0:08:45
2022-07-02,551,526,25,0:00:19,0:01:21,0:03:54
2022-07-03,54,53,1,0:00:25,0:02:36,0:01:18
2022-07-04,277,261,16,0:00:22,0:02:13,0:02:12
2022-07-05,207,195,12,0:00:24,0:02:34,0:03:00
2022-07-06,80,77,3,0:00:10,0:02:11,0:01:33
2022-07-07,201,195,6,0:00:21,0:02:30,0:02:48
2022-07-08,154,150,4,0:00:21,0:02:29,0:02:45
2022-07-09,164,155,9,0:00:23,0:02:18,0:02:26
2022-07-10,12,12,0,0:00:25,0:03:37,0:01:28
2022-07-11,219,212,7,0:00:20,0:01:56,0:04:11
2022-07-12,173,163,10,0:00:18,0:02:09,0:01:53
2022-07-13,207,194,13,0:00:18,0:02:24,0:01:41
2022-07-14,180,168,12,0:00:23,0:02:28,0:02:50
2022-07-15,216,201,15,0:00:23,0:02:11,0:02:24
2022-07-16,170,161,9,0:00:23,0:02:17,0:04:35
2022-07-17,46,46,0,0:00:25,0:02:24,0:01:35
2022-07-18,184,177,7,0:00:18,0:02:30,0:01:07
2022-07-19,211,190,21,0:00:21,0:02:25,0:01:50
2022-07-20,236,224,12,0:00:22,0:02:15,0:03:20
2022-07-21,206,194,12,0:00:18,0:02:17,0:01:50
2022-07-22,207,189,18,0:00:21,0:02:15,0:03:56
2022-07-23,99,99,0,0:00:16,0:02:25,0:01:02
2022-07-24,29,27,2,0:00:19,0:02:47,0:02:22
2022-07-25,168,159,9,0:00:23,0:02:28,0:04:35
2022-07-26,164,161,3,0:00:17,0:02:35,0:01:37
2022-07-27,160,147,13,0:00:21,0:02:34,0:02:03
2022-07-28,165,161,4,0:00:17,0:02:26,0:01:06
2022-07-29,130,124,6,0:00:23,0:02:28,0:01:50
2022-07-30,156,149,7,0:00:23,0:02:26,0:04:19
2022-07-31,24,22,2,0:00:28,0:02:24,0:01:21
2022-08-01,210,200,10,0:00:23,0:02:24,0:02:11
2022-08-02,241,226,15,0:00:26,0:02:19,0:02:50
2022-08-03,232,210,22,0:00:29,0:02:23,0:08:16
2022-08-04,198,172,26,0:00:23,0:02:20,0:06:16
2022-08-05,206,179,27,0:00:24,0:02:16,0:02:50
2022-08-06,270,254,16,0:00:15,0:01:51,0:02:40
2022-08-07,52,49,3,0:00:18,0:02:18,0:02:17
2022-08-08,417,397,20,0:00:23,0:01:58,0:05:32
2022-08-09,350,325,25,0:00:27,0:02:22,0:02:45
2022-08-10,188,179,9,0:00:25,0:02:14,0:02:59
2022-08-11,206,186,20,0:00:24,0:02:38,0:04:35
2022-08-12,206,194,12,0:00:18,0:02:33,0:02:02
2022-08-13,127,121,6,0:00:21,0:02:32,0:01:51
2022-08-14,36,36,0,0:00:17,0:02:07,0:01:31
2022-08-15,183,165,18,0:00:27,0:02:30,0:02:19
2022-08-16,170,162,8,0:00:20,0:02:25,0:01:53
2022-08-17,155,151,4,0:00:21,0:02:20,0:02:45
2022-08-18,175,137,38,0:00:38,0:02:24,0:05:30
2022-08-19,64,45,19,0:00:32,0:02:49,0:05:30
2022-08-20,173,136,37,0:00:42,0:02:36,0:05:28
2022-08-21,33,27,6,0:00:35,0:02:22,0:03:10
2022-08-22,245,148,97,0:00:36,0:02:48,0:10:39
2022-08-23,208,204,4,0:00:19,0:03:06,0:05:14
2022-08-24,176,168,8,0:00:25,0:02:51,0:03:44
2022-08-25,179,167,12,0:00:22,0:02:41,0:04:24
2022-08-26,833,767,66,0:00:24,0:01:25,0:04:35
2022-08-27,87,85,2,0:00:23,0:02:25,0:02:17
2022-08-28,41,39,2,0:00:15,0:02:42,0:01:18
2022-08-29,284,257,27,0:00:31,0:02:33,0:07:55
2022-08-30,200,192,8,0:00:22,0:02:46,0:02:48
2022-08-31,254,239,15,0:00:29,0:02:29,0:03:36
2022-09-01,222,208,14,0:00:20,0:02:36,0:02:45
2022-09-02,208,193,15,0:00:24,0:02:27,0:03:37
2022-09-03,219,206,13,0:00:22,0:02:26,0:02:02
2022-09-04,24,24,0,0:00:19,0:02:50,0:01:07
2022-09-05,250,238,12,0:00:13,0:02:27,0:01:50
2022-09-06,224,212,12,0:00:20,0:02:25,0:03:41
2022-09-07,192,178,14,0:00:32,0:02:27,0:02:45
2022-09-08,239,231,8,0:00:20,0:02:27,0:02:03
2022-09-09,215,205,10,0:00:20,0:02:34,0:02:34
2022-09-10,188,176,12,0:00:23,0:02:15,0:05:03
2022-09-11,21,20,1,0:00:14,0:02:25,0:00:54
2022-09-12,171,157,14,0:00:21,0:02:29,0:04:30
2022-09-13,150,141,9,0:00:16,0:02:38,0:02:37
2022-09-14,172,164,8,0:00:19,0:02:22,0:03:49
2022-09-15,128,122,6,0:00:13,0:02:22,0:01:25
2022-09-16,21,21,0,0:00:08,0:03:03,0:00:58
2022-09-17,5,5,0,0:00:14,0:02:37,0:00:59
2022-09-18,33,32,1,0:00:26,0:02:04,0:01:45
2022-09-19,146,139,7,0:00:20,0:02:28,0:03:41
2022-09-20,129,127,2,0:00:19,0:02:13,0:01:49
2022-09-21,197,178,19,0:00:26,0:02:36,0:05:20
2022-09-22,195,187,8,0:00:24,0:02:25,0:03:44
2022-09-23,203,195,8,0:00:21,0:02:21,0:02:59
2022-09-24,215,208,7,0:00:13,0:02:19,0:00:57
2022-09-25,28,28,0,0:00:13,0:02:13,0:01:18
2022-09-26,191,187,4,0:00:15,0:02:23,0:01:40
2022-09-27,206,197,9,0:00:21,0:02:27,0:02:23
2022-09-28,198,196,2,0:00:23,0:02:28,0:02:03
2022-09-29,185,177,8,0:00:20,0:02:41,0:01:50
2022-09-30,186,174,12,0:00:25,0:02:27,0:02:47
2022-10-01,169,160,9,0:00:26,0:02:25,0:02:04
2022-10-02,39,37,2,0:00:14,0:02:08,0:01:03
2022-10-03,228,210,18,0:00:28,0:02:13,0:02:33
2022-10-04,183,174,9,0:00:32,0:02:16,0:03:56
2022-10-05,354,305,49,0:00:45,0:01:57,0:05:07
2022-10-06,451,441,10,0:00:19,0:01:53,0:02:31
2022-10-07,261,248,13,0:00:20,0:02:06,0:01:51
2022-10-08,234,214,20,0:00:18,0:02:06,0:02:31
2022-10-09,48,47,1,0:00:13,0:02:03,0:01:46
2022-10-10,248,236,12,0:00:20,0:02:11,0:04:36
2022-10-11,203,195,8,0:00:25,0:02:15,0:05:33
2022-10-12,153,150,3,0:00:15,0:02:15,0:02:12
2022-10-13,179,172,7,0:00:19,0:02:15,0:04:35
2022-10-14,173,165,8,0:00:19,0:02:24,0:03:24
2022-10-15,209,200,9,0:00:26,0:02:23,0:03:15
2022-10-16,77,76,1,0:00:29,0:02:16,0:01:54
2022-10-17,299,250,49,0:00:41,0:02:20,0:07:10
2022-10-18,220,212,8,0:00:21,0:02:19,0:01:50
2022-10-19,173,169,4,0:00:18,0:02:13,0:02:14
2022-10-20,205,197,8,0:00:17,0:02:23,0:01:57
2022-10-21,222,185,37,0:00:30,0:02:17,0:06:26
2022-10-22,465,441,24,0:00:30,0:02:18,0:03:40
2022-10-23,56,55,1,0:00:26,0:02:11,0:01:53
2022-10-24,195,176,19,0:00:23,0:02:05,0:02:47
2022-10-25,385,365,20,0:00:20,0:01:35,0:02:53
2022-10-26,250,223,27,0:00:25,0:02:14,0:05:24
2022-10-27,48,46,2,0:00:26,0:02:14,0:01:25
2022-10-28,224,205,19,0:00:26,0:02:15,0:03:15
2022-10-29,277,261,16,0:00:33,0:02:19,0:02:58
2022-10-30,39,36,3,0:00:19,0:01:53,0:01:52
2022-10-31,252,236,16,0:00:29,0:02:08,0:04:07
2022-11-01,199,184,15,0:00:29,0:02:23,0:03:41
2022-11-02,226,208,18,0:00:28,0:02:21,0:06:51
2022-11-03,240,236,4,0:00:18,0:02:14,0:02:08
2022-11-04,55,52,3,0:00:16,0:02:19,0:01:42
2022-11-05,60,54,6,0:00:08,0:02:06,0:02:01
2022-11-06,37,31,6,0:00:11,0:02:22,0:01:56
2022-11-07,231,219,12,0:00:13,0:02:07,0:02:35
2022-11-08,209,189,20,0:00:15,0:02:19,0:03:48
2022-11-09,230,200,30,0:00:21,0:02:21,0:04:42
2022-11-10,201,193,8,0:00:17,0:02:23,0:03:40
2022-11-11,191,179,12,0:00:22,0:02:10,0:06:41
2022-11-12,171,159,12,0:00:22,0:02:23,0:03:26
2022-11-13,41,40,1,0:00:25,0:02:32,0:02:05
2022-11-14,224,187,37,0:00:48,0:02:15,0:05:13
2022-11-15,195,185,10,0:00:21,0:02:10,0:02:45
2022-11-16,176,172,4,0:00:16,0:02:20,0:02:15
2022-11-17,181,179,2,0:00:18,0:02:21,0:02:17
2022-11-18,160,151,9,0:00:29,0:01:59,0:03:41
2022-11-19,145,135,10,0:00:24,0:02:12,0:06:25
2022-11-20,30,29,1,0:00:33,0:02:58,0:02:16
2022-11-21,199,185,14,0:00:24,0:02:18,0:02:20
2022-11-22,57,47,10,0:00:24,0:02:22,0:02:48
2022-11-23,187,153,34,0:00:38,0:02:17,0:10:41
2022-11-24,180,166,14,0:00:30,0:02:24,0:05:12
2022-11-25,186,164,22,0:00:25,0:02:04,0:03:40
2022-11-26,200,182,18,0:00:28,0:02:25,0:04:20
2022-11-27,60,58,2,0:00:37,0:02:36,0:03:10
2022-11-28,244,224,20,0:00:23,0:02:25,0:02:45
2022-11-29,309,295,14,0:00:29,0:02:16,0:02:45
2022-11-30,296,289,7,0:00:26,0:02:23,0:03:11
2022-12-01,240,230,10,0:00:26,0:02:14,0:03:14
2022-12-02,243,231,12,0:00:23,0:02:25,0:01:52
2022-12-03,214,195,19,0:00:33,0:02:42,0:03:16
2022-12-04,41,35,6,0:00:40,0:02:35,0:03:12
2022-12-05,195,174,21,0:00:32,0:02:16,0:03:40
2022-12-06,205,179,26,0:00:35,0:02:18,0:03:40
2022-12-07,279,247,32,0:00:28,0:02:10,0:04:04
2022-12-08,210,176,34,0:00:41,0:02:16,0:05:11
2022-12-09,180,160,20,0:00:28,0:02:20,0:03:59
2022-12-10,160,151,9,0:00:22,0:02:08,0:07:22
2022-12-11,34,28,6,0:00:13,0:02:30,0:01:02
2022-12-12,231,210,21,0:00:23,0:02:08,0:03:09
2022-12-13,178,172,6,0:00:25,0:02:15,0:02:52
2022-12-14,202,169,33,0:00:34,0:02:30,0:07:41
2022-12-15,742,616,126,0:00:57,0:01:55,0:05:48
2022-12-16,307,270,37,0:00:42,0:02:05,0:10:06
2022-12-17,179,175,4,0:00:24,0:02:21,0:03:12
2022-12-18,45,45,0,0:00:16,0:02:11,0:03:21
2022-12-19,183,164,19,0:00:25,0:02:22,0:01:50
2022-12-20,207,200,7,0:00:22,0:02:19,0:02:07
2022-12-21,188,181,7,0:00:32,0:02:30,0:03:54
2022-12-22,187,177,10,0:00:28,0:02:22,0:05:30
2022-12-23,190,180,10,0:00:35,0:02:15,0:03:24
2022-12-24,129,116,13,0:00:34,0:02:25,0:02:46
2022-12-25,93,90,3,0:00:26,0:01:57,0:02:57
2022-12-26,335,292,43,0:00:37,0:02:17,0:06:25
2022-12-27,241,223,18,0:00:33,0:02:23,0:03:40
2022-12-28,240,222,18,0:00:34,0:02:24,0:02:52
2022-12-29,261,235,26,0:00:45,0:02:31,0:04:24
2022-12-30,241,223,18,0:00:32,0:02:17,0:03:22
2022-12-31,206,164,42,0:00:32,0:02:13,0:06:56
2023-01-01,30,27,3,0:00:32,0:02:34,0:02:37
2023-01-02,178,163,15,0:00:38,0:02:05,0:05:30
2023-01-03,165,144,21,0:00:41,0:02:25,0:03:40
2023-01-04,171,157,14,0:00:29,0:02:29,0:01:56
2023-01-05,156,146,10,0:00:30,0:02:18,0:03:10
2023-01-06,255,205,50,0:00:49,0:02:26,0:07:36
2023-01-07,192,186,6,0:00:24,0:02:14,0:01:54
2023-01-08,30,29,1,0:00:06,0:02:15,0:00:46
2023-01-09,321,290,31,0:00:31,0:02:21,0:04:02
2023-01-10,214,195,19,0:00:34,0:02:21,0:06:25
2023-01-11,215,169,46,0:00:45,0:02:18,0:07:15
2023-01-12,131,124,7,0:00:22,0:02:17,0:02:15
2023-01-13,135,129,6,0:00:24,0:02:12,0:03:28
2023-01-14,124,121,3,0:00:27,0:02:19,0:03:19
2023-01-15,47,43,4,0:00:37,0:02:18,0:03:16
2023-01-16,199,186,13,0:00:28,0:02:18,0:02:27
2023-01-17,160,146,14,0:00:31,0:02:24,0:03:40
2023-01-18,165,151,14,0:00:28,0:02:13,0:04:53
2023-01-19,181,160,21,0:00:35,0:02:39,0:04:41
2023-01-20,155,128,27,0:00:35,0:02:23,0:05:38
2023-01-21,120,106,14,0:00:33,0:02:25,0:04:32
2023-01-22,31,28,3,0:00:40,0:02:40,0:03:12
2023-01-23,140,134,6,0:00:31,0:02:23,0:02:50
2023-01-24,174,154,20,0:00:27,0:02:24,0:06:28
2023-01-25,160,156,4,0:00:27,0:02:15,0:01:47
2023-01-26,178,169,9,0:00:29,0:02:31,0:03:40
2023-01-27,188,180,8,0:00:26,0:02:22,0:05:56
2023-01-28,148,138,10,0:00:26,0:02:24,0:05:19
2023-01-29,35,35,0,0:00:08,0:02:10,0:00:47
2023-01-30,210,194,16,0:00:35,0:02:26,0:04:26
2023-01-31,163,155,8,0:00:19,0:02:17,0:03:43
2023-02-01,153,143,10,0:00:22,0:02:28,0:03:41
2023-02-02,133,125,8,0:00:26,0:02:07,0:03:52
2023-02-03,133,131,2,0:00:12,0:02:19,0:01:19
2023-02-04,130,121,9,0:00:33,0:02:37,0:04:01
2023-02-05,37,35,2,0:00:19,0:02:21,0:01:32
2023-02-06,56,54,2,0:00:13,0:02:33,0:02:13
2023-02-07,216,210,6,0:00:12,0:01:34,0:01:42
2023-02-08,50,46,4,0:00:14,0:02:42,0:01:13
2023-02-09,137,129,8,0:00:22,0:02:26,0:02:30
2023-02-10,163,142,21,0:00:35,0:02:34,0:03:10
2023-02-11,135,115,20,0:00:36,0:02:27,0:04:35
2023-02-12,30,28,2,0:00:47,0:02:36,0:02:22
2023-02-13,152,140,12,0:00:29,0:02:32,0:02:11
2023-02-14,163,144,19,0:00:46,0:02:39,0:04:25
2023-02-15,134,122,12,0:00:37,0:02:38,0:03:51
2023-02-16,163,151,12,0:00:28,0:02:07,0:02:50
2023-02-17,157,149,8,0:00:22,0:02:28,0:04:11
2023-02-18,138,128,10,0:00:31,0:02:30,0:05:04
2023-02-19,28,25,3,0:01:00,0:02:47,0:04:46
2023-02-20,142,133,9,0:00:33,0:02:42,0:04:38
2023-02-21,131,123,8,0:00:32,0:02:40,0:02:20
2023-02-22,162,155,7,0:00:27,0:02:43,0:02:43
2023-02-23,140,132,8,0:00:28,0:02:40,0:01:51
2023-02-24,174,130,44,0:00:29,0:02:34,0:11:56
2023-02-25,141,122,19,0:00:35,0:02:49,0:05:30
2023-02-26,47,44,3,0:00:26,0:03:11,0:03:29
2023-02-27,234,206,28,0:00:38,0:02:34,0:04:35
2023-02-28,181,153,28,0:00:30,0:02:53,0:04:28
2023-03-01,161,149,12,0:00:33,0:02:40,0:04:32
2023-03-02,154,135,19,0:00:36,0:02:32,0:04:41
2023-03-03,140,126,14,0:00:34,0:02:17,0:04:10
2023-03-04,118,118,0,0:00:26,0:02:33,0:01:38
2023-03-05,22,21,1,0:00:42,0:02:24,0:02:56
2023-03-06,181,156,25,0:00:42,0:02:39,0:03:16
2023-03-07,157,147,10,0:00:29,0:02:31,0:03:41
2023-03-08,123,121,2,0:00:26,0:02:28,0:03:29
2023-03-09,131,125,6,0:00:26,0:02:29,0:03:28
2023-03-10,142,134,8,0:00:39,0:02:33,0:03:08
2023-03-11,122,113,9,0:00:38,0:02:38,0:04:18
2023-03-12,35,31,4,0:00:34,0:02:05,0:04:29
2023-03-13,242,226,16,0:00:36,0:02:15,0:04:06
2023-03-14,132,118,14,0:00:32,0:02:23,0:03:40
2023-03-15,142,130,12,0:00:29,0:02:31,0:07:35
2023-03-16,135,111,24,0:00:38,0:03:16,0:09:59
2023-03-17,74,74,0,0:00:13,0:02:55,0:01:53
2023-03-18,24,24,0,0:00:12,0:02:47,0:00:57
2023-03-19,11,10,1,0:00:13,0:02:24,0:00:55
2023-03-20,28,26,2,0:00:10,0:02:30,0:01:26
2023-03-21,43,43,0,0:00:08,0:02:23,0:00:52
2023-03-22,62,62,0,0:00:17,0:02:12,0:01:26
2023-03-23,70,69,1,0:00:22,0:02:06,0:08:40
2023-03-24,109,97,12,0:00:21,0:02:26,0:02:40
2023-03-25,92,85,7,0:00:30,0:02:27,0:05:49
2023-03-26,25,25,0,0:00:11,0:02:40,0:00:55
2023-03-27,86,79,7,0:00:24,0:02:31,0:03:07
2023-03-28,92,83,9,0:00:26,0:02:37,0:03:40
2023-03-29,48,46,2,0:00:11,0:02:13,0:01:22
2023-03-30,14,11,3,0:00:18,0:02:27,0:02:45
2023-03-31,43,42,1,0:00:22,0:02:47,0:03:15
2023-04-01,75,69,6,0:00:23,0:02:31,0:04:48
2023-04-02,33,33,0,0:00:14,0:02:25,0:01:29
2023-04-03,126,112,14,0:00:26,0:02:36,0:05:30
2023-04-04,130,126,4,0:00:25,0:02:30,0:02:58
2023-04-05,139,139,0,0:00:18,0:02:40,0:03:03
2023-04-06,139,130,9,0:00:26,0:02:27,0:01:52
2023-04-07,126,119,7,0:00:22,0:02:29,0:03:40
2023-04-08,98,96,2,0:00:20,0:02:36,0:02:53
2023-04-09,12,12,0,0:00:18,0:03:07,0:01:36
2023-04-10,119,117,2,0:00:18,0:02:39,0:02:43
2023-04-11,100,96,4,0:00:21,0:02:37,0:02:45
2023-04-12,148,133,15,0:00:31,0:02:30,0:03:40
2023-04-13,131,127,4,0:00:22,0:02:25,0:02:28
2023-04-14,107,104,3,0:00:08,0:02:27,0:01:36
2023-04-15,113,105,8,0:00:24,0:02:38,0:04:28
2023-04-16,21,21,0,0:00:32,0:02:31,0:01:25
2023-04-17,129,104,25,0:00:37,0:02:44,0:02:45
2023-04-18,35,34,1,0:00:24,0:02:12,0:02:16
2023-04-19,123,109,14,0:00:38,0:02:32,0:05:21
2023-04-20,137,122,15,0:00:32,0:02:34,0:03:08
2023-04-21,117,114,3,0:00:22,0:02:38,0:02:27
2023-04-22,117,97,20,0:00:39,0:02:50,0:08:16
2023-04-23,50,49,1,0:00:35,0:02:55,0:02:22
2023-04-24,208,198,10,0:00:16,0:02:43,0:03:51
2023-04-25,190,183,7,0:00:21,0:02:31,0:03:58
2023-04-26,163,156,7,0:00:24,0:02:22,0:02:08
2023-04-27,179,165,14,0:00:26,0:02:31,0:03:50
2023-04-28,179,167,12,0:00:23,0:02:35,0:02:45
2023-04-29,168,134,34,0:00:38,0:02:42,0:07:16
2023-04-30,24,20,4,0:00:26,0:03:23,0:02:16
2023-05-01,147,139,8,0:00:18,0:02:34,0:06:21
2023-05-02,143,141,2,0:00:22,0:02:45,0:02:45
2023-05-03,134,122,12,0:00:31,0:02:28,0:04:36
2023-05-04,138,130,8,0:00:26,0:02:25,0:02:06
2023-05-05,113,104,9,0:00:43,0:02:37,0:04:07
2023-05-06,113,91,22,0:00:50,0:02:38,0:05:12
2023-05-07,24,22,2,0:00:32,0:02:14,0:04:46
2023-05-08,170,154,16,0:00:36,0:02:44,0:03:52
2023-05-09,152,116,36,0:00:42,0:02:28,0:15:00
2023-05-10,101,95,6,0:00:31,0:02:38,0:02:53
2023-05-11,146,131,15,0:00:26,0:02:27,0:02:37
2023-05-12,111,104,7,0:00:24,0:02:26,0:02:22
2023-05-13,129,111,18,0:00:31,0:02:38,0:04:36
2023-05-14,24,24,0,0:00:48,0:02:54,0:04:44
2023-05-15,129,122,7,0:00:35,0:02:59,0:02:42
2023-05-16,186,176,10,0:00:27,0:02:23,0:05:05
2023-05-17,140,114,26,0:00:57,0:02:25,0:05:31
2023-05-18,132,116,16,0:00:44,0:02:41,0:06:00
2023-05-19,103,101,2,0:00:18,0:02:42,0:02:23
2023-05-20,101,89,12,0:00:20,0:02:27,0:01:30
2023-05-21,26,24,2,0:00:23,0:02:00,0:01:53
2023-05-22,95,94,1,0:00:21,0:02:31,0:03:34
2023-05-23,137,131,6,0:00:17,0:02:29,0:02:21
2023-05-24,37,34,3,0:00:41,0:02:11,0:05:46
2023-05-25,106,100,6,0:00:22,0:02:30,0:02:12
2023-05-26,101,92,9,0:00:30,0:02:27,0:04:35
2023-05-27,117,103,14,0:00:44,0:02:46,0:04:35
2023-05-28,38,36,2,0:00:39,0:02:56,0:02:54
2023-05-29,110,95,15,0:00:26,0:02:49,0:02:46
2023-05-30,125,118,7,0:00:23,0:02:31,0:03:01
2023-05-31,98,92,6,0:00:25,0:02:36,0:02:23
2023-06-01,118,108,10,0:00:37,0:01:46,0:04:03
2023-06-02,34,31,3,0:00:27,0:02:37,0:02:32
2023-06-03,53,50,3,0:00:28,0:02:11,0:03:16
2023-06-04,30,23,7,0:00:42,0:02:47,0:03:40
2023-06-05,122,107,15,0:00:34,0:02:39,0:03:21
2023-06-06,108,100,8,0:00:33,0:02:33,0:02:08
2023-06-07,175,159,16,0:00:47,0:02:44,0:05:30
2023-06-08,264,213,51,0:00:44,0:02:45,0:05:18
2023-06-09,204,174,30,0:00:36,0:02:35,0:04:35
2023-06-10,184,170,14,0:00:40,0:02:44,0:03:27
2023-06-11,42,41,1,0:00:42,0:02:53,0:03:40
2023-06-12,183,168,15,0:00:34,0:02:35,0:02:43
2023-06-13,161,147,14,0:00:30,0:02:36,0:04:39
2023-06-14,143,134,9,0:00:26,0:02:50,0:01:50
2023-06-15,200,163,37,0:00:30,0:02:38,0:05:31
2023-06-16,240,210,30,0:00:38,0:02:53,0:04:35
2023-06-17,211,180,31,0:00:51,0:02:47,0:07:03
2023-06-18,60,47,13,0:00:48,0:02:36,0:04:35
2023-06-19,215,194,21,0:00:38,0:02:33,0:04:21
2023-06-20,235,214,21,0:00:34,0:02:36,0:05:30
2023-06-21,352,327,25,0:00:32,0:02:28,0:07:20
2023-06-22,169,156,13,0:00:32,0:02:43,0:02:57
2023-06-23,169,157,12,0:00:27,0:02:57,0:05:19
2023-06-24,167,161,6,0:00:21,0:02:45,0:01:32
2023-06-25,32,28,4,0:00:22,0:02:43,0:07:35
2023-06-26,52,49,3,0:00:32,0:02:58,0:03:02
2023-06-27,155,149,6,0:00:26,0:02:52,0:01:50
2023-06-28,224,218,6,0:00:18,0:02:07,0:02:00
2023-06-29,172,157,15,0:00:17,0:03:04,0:06:25
2023-06-30,147,133,14,0:00:26,0:02:56,0:03:39
2023-07-01,145,138,7,0:00:17,0:02:53,0:02:45
2023-07-02,16,15,1,0:00:17,0:03:00,0:02:45
2023-07-03,135,131,4,0:00:20,0:02:37,0:02:00
2023-07-04,137,133,4,0:00:24,0:02:49,0:02:46
2023-07-05,150,144,6,0:00:17,0:02:39,0:02:02
2023-07-06,157,143,14,0:00:16,0:02:41,0:06:25
2023-07-07,129,121,8,0:00:19,0:02:55,0:04:35
2023-07-08,135,125,10,0:00:21,0:02:38,0:03:18
2023-07-09,21,21,0,0:00:23,0:02:37,0:02:50
2023-07-10,152,138,14,0:00:30,0:02:52,0:04:16
2023-07-11,164,158,6,0:00:14,0:02:28,0:02:01
2023-07-12,161,151,10,0:00:12,0:02:39,0:02:57
2023-07-13,133,125,8,0:00:30,0:02:46,0:03:47
2023-07-14,132,126,6,0:00:17,0:02:47,0:02:35
2023-07-15,160,146,14,0:00:21,0:02:42,0:03:40
2023-07-16,19,16,3,0:00:51,0:02:46,0:04:14
2023-07-17,155,128,27,0:00:52,0:02:30,0:05:38
2023-07-18,141,128,13,0:00:32,0:02:44,0:03:34
2023-07-19,172,135,37,0:00:41,0:02:40,0:05:09
2023-07-20,270,196,74,0:01:10,0:02:30,0:07:51
2023-07-21,208,176,32,0:00:40,0:02:30,0:09:09
2023-07-22,186,162,24,0:00:25,0:02:48,0:03:40
2023-07-23,18,17,1,0:00:55,0:04:01,0:05:46
2023-07-24,224,170,54,0:00:55,0:02:49,0:07:26
2023-07-25,210,203,7,0:00:25,0:02:42,0:03:40
2023-07-26,141,134,7,0:00:20,0:02:59,0:03:21
2023-07-27,126,110,16,0:00:15,0:02:56,0:08:16
2023-07-28,182,163,19,0:00:23,0:02:44,0:04:17
2023-07-29,163,161,2,0:00:10,0:02:40,0:01:51
2023-07-30,27,27,0,0:00:05,0:02:48,0:00:19
2023-07-31,183,175,8,0:00:19,0:02:38,0:03:08
2023-08-01,165,159,6,0:00:11,0:02:23,0:06:28
2023-08-02,160,159,1,0:00:05,0:02:40,0:00:58
2023-08-03,177,155,22,0:00:16,0:02:41,0:06:39
2023-08-04,236,230,6,0:00:05,0:02:27,0:01:50
2023-08-05,175,174,1,0:00:04,0:02:26,0:01:53
2023-08-06,25,25,0,0:00:04,0:03:15,0:00:55
2023-08-07,170,167,3,0:00:06,0:02:35,0:03:40
2023-08-08,190,168,22,0:00:26,0:02:20,0:04:49
2023-08-09,53,51,2,0:00:06,0:02:29,0:01:50
2023-08-10,121,117,4,0:00:13,0:02:36,0:02:41
2023-08-11,143,139,4,0:00:05,0:02:26,0:01:56
2023-08-12,100,96,4,0:00:06,0:02:28,0:01:50
2023-08-13,17,17,0,0:00:08,0:02:55,0:00:59
2023-08-14,113,110,3,0:00:08,0:02:33,0:01:18
2023-08-15,141,128,13,0:00:13,0:02:38,0:03:40
2023-08-16,135,134,1,0:00:04,0:02:34,0:01:50
2023-08-17,29,29,0,0:00:15,0:03:13,0:01:29
2023-08-18,120,116,4,0:00:05,0:02:43,0:02:45
2023-08-19,116,108,8,0:00:09,0:02:50,0:04:25
2023-08-20,14,14,0,0:00:14,0:02:17,0:01:14
2023-08-21,107,104,3,0:00:07,0:02:29,0:00:58
2023-08-22,138,128,10,0:00:10,0:02:30,0:02:03
2023-08-23,106,105,1,0:00:11,0:02:47,0:01:53
2023-08-24,117,108,9,0:00:19,0:02:26,0:02:33
2023-08-25,120,117,3,0:00:09,0:02:37,0:01:05
2023-08-26,123,121,2,0:00:07,0:02:27,0:01:55
2023-08-27,31,31,0,0:00:03,0:02:18,0:00:03
2023-08-28,140,139,1,0:00:08,0:02:39,0:01:11
2023-08-29,169,161,8,0:00:18,0:02:24,0:02:24
2023-08-30,146,144,2,0:00:06,0:02:38,0:00:58
2023-08-31,110,106,4,0:00:15,0:02:50,0:02:30
2023-09-01,343,333,10,0:00:15,0:02:10,0:02:39
2023-09-02,191,183,8,0:00:16,0:02:32,0:01:59
2023-09-03,25,24,1,0:00:06,0:02:22,0:00:48
2023-09-04,170,162,8,0:00:09,0:02:31,0:04:36
2023-09-05,130,129,1,0:00:11,0:02:30,0:01:52
2023-09-06,22,20,2,0:00:09,0:03:15,0:01:50
2023-09-07,5,5,0,0:00:28,0:02:25,0:01:14
2023-09-08,119,115,4,0:00:11,0:02:28,0:01:50
2023-09-09,140,138,2,0:00:09,0:02:17,0:02:11
2023-09-10,22,22,0,0:00:06,0:02:21,0:00:48
2023-09-11,126,124,2,0:00:08,0:02:35,0:00:58
2023-09-12,124,111,13,0:00:13,0:02:43,0:02:13
2023-09-13,114,108,6,0:00:13,0:02:31,0:01:27
2023-09-14,121,109,12,0:00:17,0:02:36,0:05:15
2023-09-15,137,119,18,0:00:24,0:02:46,0:02:45
2023-09-16,101,97,4,0:00:16,0:02:33,0:01:38
2023-09-17,20,20,0,0:00:04,0:02:24,0:00:18
2023-09-18,170,162,8,0:00:17,0:02:32,0:05:31
2023-09-19,137,133,4,0:00:29,0:02:37,0:02:42
2023-09-20,134,127,7,0:00:18,0:02:39,0:04:36
2023-09-21,185,179,6,0:00:10,0:02:03,0:02:44
2023-09-22,147,135,12,0:00:21,0:02:35,0:03:10
2023-09-23,115,108,7,0:00:14,0:02:31,0:02:33
2023-09-24,24,23,1,0:00:05,0:02:12,0:00:55
2023-09-25,144,136,8,0:00:09,0:02:32,0:05:30
2023-09-26,120,114,6,0:00:08,0:02:22,0:01:19
2023-09-27,124,118,6,0:00:21,0:02:46,0:02:44
2023-09-28,145,141,4,0:00:14,0:02:36,0:01:50
2023-09-29,108,106,2,0:00:26,0:02:50,0:04:57
2023-09-30,128,125,3,0:00:13,0:02:45,0:01:42
2023-10-01,27,26,1,0:00:20,0:02:51,0:02:40
2023-10-02,155,151,4,0:00:11,0:02:32,0:02:18
2023-10-03,117,110,7,0:00:18,0:02:23,0:02:47
2023-10-04,118,111,7,0:00:18,0:02:43,0:02:06
2023-10-05,114,105,9,0:00:31,0:02:37,0:03:40
2023-10-06,108,101,7,0:00:23,0:02:44,0:03:11
2023-10-07,147,141,6,0:00:25,0:02:22,0:02:46
2023-10-08,29,26,3,0:00:09,0:02:37,0:01:50
2023-10-09,231,228,3,0:00:15,0:02:09,0:03:26
2023-10-10,243,215,28,0:00:23,0:02:36,0:04:35
2023-10-11,178,154,24,0:00:29,0:02:40,0:05:08
2023-10-12,169,163,6,0:00:21,0:02:49,0:02:45
2023-10-13,136,128,8,0:00:18,0:02:36,0:05:30
2023-10-14,123,113,10,0:00:30,0:02:49,0:03:40
2023-10-15,13,12,1,0:00:24,0:02:45,0:01:12
2023-10-16,20,18,2,0:00:23,0:02:43,0:02:44
2023-10-17,154,141,13,0:00:22,0:02:41,0:04:29
2023-10-18,132,131,1,0:00:12,0:02:39,0:02:00
2023-10-19,181,171,10,0:00:21,0:02:51,0:02:39
2023-10-20,193,189,4,0:00:13,0:02:35,0:02:26
2023-10-21,246,236,10,0:00:13,0:02:44,0:02:20
2023-10-22,35,34,1,0:00:11,0:02:11,0:01:44
2023-10-23,199,190,9,0:00:12,0:02:38,0:01:22
2023-10-24,47,47,0,0:00:06,0:02:09,0:00:57
2023-10-25,187,186,1,0:00:07,0:02:30,0:02:45
2023-10-26,57,54,3,0:00:07,0:02:37,0:00:55
2023-10-27,170,162,8,0:00:09,0:02:39,0:01:50
2023-10-28,341,316,25,0:00:23,0:02:13,0:05:17
2023-10-29,44,43,1,0:00:09,0:02:35,0:01:50
2023-10-30,210,206,4,0:00:12,0:02:39,0:02:32
2023-10-31,190,186,4,0:00:17,0:02:22,0:04:53
2023-11-01,191,182,9,0:00:10,0:02:40,0:01:38
2023-11-02,169,168,1,0:00:11,0:02:25,0:01:48
2023-11-03,52,50,2,0:00:06,0:02:34,0:00:58
2023-11-04,145,137,8,0:00:14,0:02:36,0:02:56
2023-11-05,36,36,0,0:00:15,0:02:53,0:01:41
2023-11-06,156,148,8,0:00:14,0:02:26,0:03:23
2023-11-07,160,154,6,0:00:16,0:02:41,0:02:12
2023-11-08,116,110,6,0:00:14,0:02:28,0:02:17
2023-11-09,188,173,15,0:00:19,0:02:39,0:02:44
2023-11-10,169,157,12,0:00:23,0:02:32,0:02:49
2023-11-11,146,142,4,0:00:22,0:02:42,0:01:59
2023-11-12,43,31,12,0:00:39,0:03:43,0:03:40
2023-11-13,205,85,120,0:01:49,0:02:46,0:11:01
2023-11-14,162,83,79,0:01:38,0:02:18,0:10:06
2023-11-15,193,115,78,0:01:04,0:02:33,0:12:50
2023-11-16,178,144,34,0:00:38,0:03:00,0:05:32
2023-11-17,179,158,21,0:00:20,0:02:33,0:05:15
2023-11-18,152,120,32,0:00:46,0:02:39,0:04:16
2023-11-19,85,77,8,0:00:17,0:02:07,0:04:30
2023-11-20,374,78,296,0:03:13,0:03:01,0:17:27
2023-11-21,508,103,405,0:04:04,0:02:43,0:15:38
2023-11-22,606,116,490,0:05:08,0:03:08,0:22:56
2023-11-23,691,201,490,0:03:13,0:02:52,0:19:15
2023-11-24,456,282,174,0:01:02,0:02:49,0:14:42
2023-11-25,387,331,56,0:00:43,0:02:37,0:05:30
2023-11-26,82,67,15,0:00:38,0:03:12,0:05:30
2023-11-27,363,320,43,0:00:34,0:02:52,0:05:30
2023-11-28,419,355,64,0:00:44,0:02:55,0:04:21
2023-11-29,362,302,60,0:00:41,0:03:03,0:05:49
2023-11-30,290,239,51,0:00:39,0:03:06,0:08:26
2023-12-01,436,390,46,0:00:38,0:02:41,0:03:40
2023-12-02,315,285,30,0:00:33,0:02:45,0:04:12
2023-12-03,103,94,9,0:00:29,0:02:40,0:02:48
2023-12-04,342,297,45,0:00:39,0:02:33,0:03:42
2023-12-05,317,291,26,0:00:26,0:02:25,0:03:42
2023-12-06,253,240,13,0:00:24,0:02:42,0:02:45
2023-12-07,192,176,16,0:00:24,0:02:31,0:03:53
2023-12-08,191,170,21,0:00:34,0:02:49,0:06:25
2023-12-09,167,160,7,0:00:15,0:02:40,0:02:45
2023-12-10,74,68,6,0:00:15,0:02:13,0:02:28
2023-12-11,172,159,13,0:00:20,0:02:40,0:04:51
2023-12-12,189,181,8,0:00:23,0:02:39,0:03:01
2023-12-13,314,262,52,0:00:44,0:02:48,0:07:37
2023-12-14,204,185,19,0:00:23,0:02:38,0:02:46
2023-12-15,188,184,4,0:00:17,0:02:36,0:02:22
2023-12-16,151,131,20,0:00:31,0:02:51,0:03:36
2023-12-17,21,17,4,0:00:52,0:03:29,0:11:00
2023-12-18,151,129,22,0:00:40,0:03:01,0:06:56
2023-12-19,169,154,15,0:00:17,0:02:43,0:02:49
2023-12-20,171,158,13,0:00:16,0:02:36,0:01:44
2023-12-21,177,163,14,0:00:22,0:02:37,0:02:18
2023-12-22,195,183,12,0:00:16,0:02:49,0:02:48
2023-12-23,156,144,12,0:00:20,0:02:41,0:02:54
2023-12-24,35,34,1,0:00:14,0:03:06,0:00:58
2023-12-25,174,161,13,0:00:20,0:02:48,0:02:32
2023-12-26,197,182,15,0:00:24,0:02:51,0:03:10
2023-12-27,164,157,7,0:00:17,0:02:46,0:05:33
2023-12-28,135,126,9,0:00:30,0:02:58,0:04:59
2023-12-29,161,142,19,0:00:25,0:02:45,0:02:56
2023-12-30,164,144,20,0:00:34,0:02:49,0:05:00
2023-12-31,36,34,2,0:00:20,0:02:05,0:01:57
2024-01-01,149,136,13,0:00:17,0:02:55,0:03:15
2024-01-02,131,130,1,0:00:18,0:02:47,0:03:18
2024-01-03,129,120,9,0:00:22,0:02:47,0:01:54
2024-01-04,139,119,20,0:00:26,0:02:52,0:04:35
2024-01-05,228,209,19,0:00:19,0:02:29,0:04:06
2024-01-06,170,151,19,0:00:19,0:02:27,0:02:44
2024-01-07,48,46,2,0:00:16,0:02:26,0:02:38
2024-01-08,237,204,33,0:00:32,0:02:22,0:03:56
2024-01-09,200,187,13,0:00:27,0:02:48,0:03:13
2024-01-10,172,163,9,0:00:19,0:02:41,0:02:48
2024-01-11,181,173,8,0:00:31,0:02:49,0:08:13
2024-01-12,195,175,20,0:00:26,0:03:01,0:03:40
2024-01-13,196,180,16,0:00:25,0:02:50,0:04:03
2024-01-14,39,27,12,0:00:35,0:02:53,0:02:58
2024-01-15,182,169,13,0:00:23,0:02:44,0:02:05
2024-01-16,216,198,18,0:00:16,0:02:47,0:06:21
2024-01-17,253,239,14,0:00:21,0:02:18,0:02:48
2024-01-18,202,189,13,0:00:19,0:02:53,0:04:36
2024-01-19,215,205,10,0:00:25,0:02:48,0:07:17
2024-01-20,191,154,37,0:00:47,0:02:56,0:03:16
2024-01-21,49,46,3,0:00:38,0:02:21,0:02:16
2024-01-22,194,185,9,0:00:21,0:02:51,0:03:57
2024-01-23,197,184,13,0:00:22,0:02:39,0:02:38
2024-01-24,214,195,19,0:00:34,0:02:51,0:04:31
2024-01-25,202,190,12,0:00:15,0:02:56,0:03:06
2024-01-26,48,47,1,0:00:15,0:03:13,0:02:58
2024-01-27,165,159,6,0:00:20,0:02:51,0:04:47
2024-01-28,43,42,1,0:00:14,0:02:32,0:02:34
2024-01-29,238,223,15,0:00:26,0:02:46,0:03:38
2024-01-30,271,262,9,0:00:15,0:02:36,0:02:08
2024-01-31,312,262,50,0:00:34,0:02:56,0:07:01
2024-02-01,289,270,19,0:00:20,0:02:48,0:03:06
2024-02-02,323,284,39,0:00:30,0:02:48,0:08:16
2024-02-03,486,396,90,0:00:59,0:02:41,0:05:29
2024-02-04,48,44,4,0:00:29,0:02:31,0:03:07
2024-02-05,386,317,69,0:00:43,0:02:52,0:05:06
2024-02-06,330,309,21,0:00:22,0:02:48,0:03:46
2024-02-07,376,316,60,0:00:37,0:02:44,0:05:11
2024-02-08,124,105,19,0:00:47,0:03:00,0:08:41
2024-02-09,291,266,25,0:00:34,0:03:06,0:04:08
2024-02-10,302,277,25,0:00:39,0:03:08,0:03:35
2024-02-11,72,56,16,0:00:46,0:03:23,0:05:08
2024-02-12,293,255,38,0:00:40,0:03:30,0:04:09
2024-02-13,305,259,46,0:00:30,0:03:14,0:07:15
2024-02-14,353,317,36,0:00:30,0:03:11,0:05:52
2024-02-15,425,356,69,0:00:43,0:03:27,0:15:32
2024-02-16,414,362,52,0:00:37,0:03:02,0:05:17
2024-02-17,374,322,52,0:00:35,0:03:03,0:11:12
2024-02-18,68,64,4,0:00:14,0:02:58,0:02:04
2024-02-19,356,320,36,0:00:37,0:03:13,0:05:39
2024-02-20,454,352,102,0:00:52,0:03:01,0:09:33
2024-02-21,493,438,55,0:00:45,0:02:57,0:05:47
2024-02-22,412,368,44,0:00:35,0:03:09,0:05:41
2024-02-23,610,368,242,0:01:11,0:03:24,0:25:51
2024-02-24,432,384,48,0:00:49,0:03:14,0:08:56
2024-02-25,60,57,3,0:00:32,0:03:19,0:03:00
2024-02-26,508,442,66,0:00:48,0:01:36,0:10:45
2024-02-27,439,378,61,0:00:37,0:02:05,0:10:55
2024-02-28,521,388,133,0:00:54,0:02:15,0:16:59
2024-02-29,525,434,91,0:00:48,0:03:29,0:10:21
2024-03-01,567,458,109,0:01:13,0:03:35,0:09:12
2024-03-02,619,444,175,0:01:23,0:03:34,0:08:58
2024-03-03,140,120,20,0:00:58,0:03:11,0:05:22
2024-03-04,622,476,146,0:00:58,0:03:39,0:08:45
2024-03-05,241,180,61,0:01:04,0:03:33,0:09:07
2024-03-06,796,362,434,0:02:01,0:03:55,0:12:18
2024-03-07,805,367,438,0:02:48,0:02:52,0:16:38
2024-03-08,638,301,337,0:02:41,0:04:13,0:21:42
2024-03-09,676,344,332,0:02:07,0:03:29,0:12:24
2024-03-10,118,106,12,0:00:34,0:04:23,0:04:44
2024-03-11,579,300,279,0:02:12,0:04:03,0:12:24
2024-03-12,434,322,112,0:01:04,0:03:34,0:06:12
2024-03-13,446,259,187,0:02:10,0:03:57,0:13:38
2024-03-14,461,289,172,0:01:42,0:03:28,0:13:12
2024-03-15,488,284,204,0:01:53,0:03:34,0:19:22
2024-03-16,253,195,58,0:01:25,0:03:51,0:11:22
2024-03-17,51,48,3,0:00:14,0:03:26,0:03:21
2024-03-18,207,176,31,0:00:24,0:03:42,0:05:28
2024-03-19,130,118,12,0:00:30,0:03:42,0:07:53
2024-03-20,102,100,2,0:00:14,0:03:32,0:03:09
2024-03-21,207,169,38,0:00:32,0:03:25,0:06:12
2024-03-22,274,195,79,0:01:01,0:03:27,0:07:55
2024-03-23,206,173,33,0:00:41,0:03:15,0:06:50
2024-03-24,64,61,3,0:00:09,0:03:15,0:02:23
2024-03-25,206,168,38,0:00:51,0:03:23,0:06:46
2024-03-26,160,148,12,0:00:30,0:03:17,0:04:08
2024-03-27,177,155,22,0:00:26,0:03:01,0:05:10
2024-03-28,67,64,3,0:00:26,0:03:31,0:04:58
2024-03-29,24,23,1,0:00:23,0:02:50,0:02:01
2024-03-30,108,92,16,0:00:44,0:03:03,0:05:04
2024-03-31,52,50,2,0:00:11,0:03:19,0:01:24
2024-04-01,227,203,24,0:00:31,0:03:18,0:04:11
2024-04-02,282,233,49,0:00:48,0:03:27,0:05:10
2024-04-03,283,263,20,0:00:23,0:03:13,0:03:50
2024-04-04,547,468,79,0:00:30,0:02:46,0:04:39
2024-04-05,318,300,18,0:00:24,0:03:11,0:02:50
2024-04-06,123,113,10,0:00:20,0:02:58,0:02:19
2024-04-07,63,60,3,0:00:21,0:02:51,0:02:52
2024-04-08,408,368,40,0:00:32,0:03:07,0:03:06
2024-04-09,421,370,51,0:00:29,0:03:10,0:03:22
2024-04-10,397,346,51,0:00:36,0:03:21,0:05:10
2024-04-11,532,308,224,0:01:31,0:03:25,0:16:35
2024-04-12,786,340,446,0:02:00,0:03:26,0:16:25
2024-04-13,1148,602,546,0:01:44,0:02:33,0:12:24
2024-04-14,679,321,358,0:02:42,0:03:13,0:16:34
2024-04-15,1715,871,844,0:01:32,0:02:33,0:22:45
2024-04-16,1463,775,688,0:01:46,0:03:10,0:15:53
2024-04-17,1108,454,654,0:02:48,0:03:14,0:13:24
2024-04-18,1052,547,505,0:02:26,0:03:18,0:14:13
2024-04-19,1188,453,735,0:05:04,0:03:39,0:22:37
2024-04-20,819,633,186,0:01:13,0:03:23,0:12:26
2024-04-21,259,213,46,0:00:53,0:03:31,0:08:17
2024-04-22,885,625,260,0:01:11,0:03:10,0:14:28
2024-04-23,872,722,150,0:00:54,0:03:04,0:08:05
2024-04-24,837,615,222,0:01:07,0:03:25,0:07:24
2024-04-25,1155,823,332,0:01:08,0:03:18,0:15:31
2024-04-26,1308,909,399,0:01:23,0:03:04,0:11:11
2024-04-27,786,460,326,0:01:31,0:03:12,0:10:29
2024-04-28,113,104,9,0:00:34,0:03:21,0:04:13
2024-04-29,491,434,57,0:00:41,0:03:01,0:11:01
2024-04-30,587,484,103,0:00:51,0:03:07,0:11:48
2024-05-01,508,398,110,0:00:50,0:03:17,0:21:44
2024-05-02,492,311,181,0:01:11,0:03:17,0:08:50
2024-05-03,439,373,66,0:00:40,0:02:58,0:07:01
2024-05-04,409,312,97,0:01:02,0:03:16,0:08:16
2024-05-05,59,50,9,0:00:29,0:03:04,0:03:06
2024-05-06,323,279,44,0:00:40,0:02:58,0:03:31
2024-05-07,302,274,28,0:00:30,0:02:59,0:03:02
2024-05-08,314,275,39,0:00:40,0:02:56,0:06:54
2024-05-09,262,242,20,0:00:16,0:02:54,0:04:09
2024-05-10,478,391,87,0:00:55,0:03:31,0:05:13
2024-05-11,307,275,32,0:00:30,0:03:02,0:09:54
2024-05-12,47,45,2,0:00:12,0:02:41,0:02:37
2024-05-13,295,279,16,0:00:22,0:02:53,0:02:57
2024-05-14,249,225,24,0:00:18,0:02:55,0:04:11
2024-05-15,308,227,81,0:00:48,0:03:19,0:05:42
2024-05-16,206,196,10,0:00:20,0:03:06,0:05:10
2024-05-17,255,215,40,0:00:40,0:02:58,0:24:51
2024-05-18,240,213,27,0:00:26,0:03:14,0:03:54
2024-05-19,39,39,0,0:00:14,0:02:30,0:02:27
2024-05-20,210,194,16,0:00:17,0:02:54,0:02:59
2024-05-21,39,38,1,0:00:04,0:02:21,0:01:02
2024-05-22,116,110,6,0:00:08,0:02:46,0:04:12
2024-05-23,344,308,36,0:00:27,0:02:50,0:04:11
2024-05-24,420,320,100,0:00:45,0:02:58,0:11:53
2024-05-25,444,393,51,0:00:26,0:02:51,0:06:13
2024-05-26,73,72,1,0:00:07,0:02:46,0:01:43
2024-05-27,526,492,34,0:00:17,0:02:45,0:03:23
2024-05-28,664,564,100,0:00:27,0:02:46,0:05:25
2024-05-29,756,592,164,0:00:55,0:02:53,0:07:29
2024-05-30,1291,718,573,0:01:52,0:03:09,0:11:06
2024-05-31,458,323,135,0:00:44,0:03:02,0:06:12
2024-06-01,193,178,15,0:00:16,0:02:51,0:04:08
2024-06-02,68,68,0,0:00:05,0:02:56,0:01:39
2024-06-03,511,429,82,0:00:34,0:03:09,0:04:12
2024-06-04,363,329,34,0:00:21,0:03:03,0:02:15
2024-06-05,347,302,45,0:00:24,0:02:50,0:05:10
2024-06-06,325,306,19,0:00:16,0:02:39,0:06:17
2024-06-07,298,282,16,0:00:18,0:02:37,0:02:45
2024-06-08,270,234,36,0:00:20,0:02:34,0:04:54
2024-06-09,52,51,1,0:00:06,0:02:36,0:01:05
2024-06-10,266,264,2,0:00:09,0:02:39,0:02:01
2024-06-11,242,238,4,0:00:09,0:02:45,0:02:30
2024-06-12,243,228,15,0:00:19,0:02:48,0:06:08
2024-06-13,281,269,12,0:00:08,0:02:43,0:03:07
2024-06-14,73,72,1,0:00:08,0:03:04,0:02:10
2024-06-15,227,218,9,0:00:08,0:02:54,0:02:47
2024-06-16,43,42,1,0:00:11,0:02:38,0:01:17
2024-06-17,322,255,67,0:00:45,0:02:55,0:04:50
2024-06-18,259,210,49,0:00:26,0:02:54,0:09:18
2024-06-19,344,313,31,0:00:12,0:02:02,0:06:41
2024-06-20,335,261,74,0:00:41,0:02:57,0:09:27
2024-06-21,293,265,28,0:00:11,0:03:00,0:05:42
2024-06-22,315,281,34,0:00:15,0:02:41,0:02:57
2024-06-23,33,31,2,0:00:14,0:02:53,0:02:07
2024-06-24,351,318,33,0:00:12,0:02:36,0:03:32
2024-06-25,333,285,48,0:00:32,0:02:45,0:09:39
2024-06-26,651,504,147,0:00:37,0:03:20,0:19:42
2024-06-27,959,631,328,0:01:23,0:03:42,0:12:04
2024-06-28,1247,610,637,0:01:46,0:03:12,0:25:51
2024-06-29,933,511,422,0:02:07,0:03:03,0:15:43
2024-06-30,64,56,8,0:00:16,0:02:31,0:04:08
2024-07-01,590,487,103,0:00:56,0:02:45,0:05:43
2024-07-02,404,323,81,0:00:46,0:03:08,0:08:16
2024-07-03,560,355,205,0:01:29,0:03:50,0:18:47
2024-07-04,349,309,40,0:00:39,0:03:24,0:05:10
2024-07-05,412,346,66,0:00:41,0:03:13,0:05:10
2024-07-06,289,239,50,0:00:41,0:03:07,0:03:20
2024-07-07,47,39,8,0:00:11,0:03:09,0:04:09
2024-07-08,363,323,40,0:00:32,0:03:08,0:07:14
2024-07-09,285,255,30,0:00:34,0:03:02,0:03:31
2024-07-10,260,247,13,0:00:25,0:02:57,0:04:12
2024-07-11,287,255,32,0:00:18,0:02:47,0:04:09
2024-07-12,255,240,15,0:00:18,0:02:41,0:06:11
2024-07-13,272,232,40,0:00:37,0:02:49,0:06:11
2024-07-14,30,29,1,0:00:10,0:03:21,0:00:49
2024-07-15,263,230,33,0:00:33,0:03:01,0:04:14
2024-07-16,295,282,13,0:00:23,0:02:39,0:02:38
2024-07-17,384,341,43,0:00:20,0:02:21,0:03:09
2024-07-18,198,182,16,0:00:28,0:02:37,0:02:54
2024-07-19,195,173,22,0:00:33,0:02:44,0:06:39
2024-07-20,186,178,8,0:00:17,0:02:46,0:03:09
2024-07-21,27,25,2,0:00:18,0:02:09,0:03:07
2024-07-22,223,214,9,0:00:18,0:02:57,0:06:12
2024-07-23,220,198,22,0:00:09,0:02:43,0:02:57
2024-07-24,205,197,8,0:00:17,0:02:40,0:03:50
2024-07-25,193,181,12,0:00:12,0:02:46,0:04:44
2024-07-26,179,157,22,0:00:17,0:02:51,0:04:08
2024-07-27,178,163,15,0:00:24,0:03:11,0:03:07
2024-07-28,26,26,0,0:00:24,0:03:03,0:01:57
2024-07-29,170,167,3,0:00:16,0:02:47,0:02:08
2024-07-30,155,147,8,0:00:21,0:03:02,0:03:47
2024-07-31,167,152,15,0:00:17,0:02:58,0:03:40
2024-08-01,155,143,12,0:00:19,0:03:05,0:03:15
2024-08-02,176,169,7,0:00:11,0:02:17,0:02:12
2024-08-03,246,214,32,0:00:29,0:03:00,0:14:33
2024-08-04,14,14,0,0:00:16,0:02:46,0:01:27
2024-08-05,57,55,2,0:00:12,0:02:35,0:02:07
2024-08-06,1016,644,372,0:01:14,0:02:05,0:11:12
2024-08-07,380,344,36,0:00:28,0:03:03,0:08:52
2024-08-08,269,245,24,0:00:31,0:03:05,0:03:21
2024-08-09,225,205,20,0:00:20,0:03:12,0:02:10
2024-08-10,205,192,13,0:00:27,0:03:04,0:04:07
2024-08-11,33,31,2,0:00:29,0:02:15,0:05:43
2024-08-12,225,195,30,0:00:28,0:02:45,0:03:06
2024-08-13,186,177,9,0:00:16,0:02:33,0:03:08
2024-08-14,209,172,37,0:00:34,0:02:53,0:05:06
2024-08-15,223,193,30,0:00:34,0:02:58,0:07:34
2024-08-16,206,194,12,0:00:16,0:02:52,0:03:06
2024-08-17,248,211,37,0:00:44,0:02:57,0:06:08
2024-08-18,29,29,0,0:00:08,0:02:40,0:00:44
2024-08-19,172,163,9,0:00:24,0:02:58,0:03:19
2024-08-20,194,166,28,0:00:46,0:02:59,0:09:20
2024-08-21,226,196,30,0:00:33,0:02:57,0:05:25
2024-08-22,308,241,67,0:00:49,0:03:11,0:06:52
2024-08-23,236,214,22,0:00:26,0:02:49,0:03:53
2024-08-24,199,191,8,0:00:14,0:03:01,0:02:09
2024-08-25,15,15,0,0:00:04,0:03:19,0:00:14
2024-08-26,27,25,2,0:00:08,0:02:34,0:02:04
2024-08-27,7,6,1,0:00:03,0:04:48,0:00:31
2024-08-28,174,144,30,0:00:33,0:02:36,0:08:31
2024-08-29,227,206,21,0:00:20,0:02:35,0:02:26
2024-08-30,172,160,12,0:00:28,0:03:01,0:05:10
2024-08-31,163,149,14,0:00:24,0:03:08,0:02:34
2024-09-01,37,35,2,0:00:12,0:02:48,0:01:03
2024-09-02,185,169,16,0:00:32,0:02:58,0:04:28
2024-09-03,224,206,18,0:00:30,0:02:54,0:04:23
2024-09-04,203,193,10,0:00:18,0:02:53,0:02:48
2024-09-05,199,163,36,0:00:36,0:03:12,0:05:12
2024-09-06,202,196,6,0:00:10,0:02:43,0:02:32
2024-09-07,195,180,15,0:00:21,0:02:42,0:03:17
2024-09-08,27,25,2,0:00:25,0:02:03,0:02:07
2024-09-09,231,206,25,0:00:29,0:03:01,0:04:26
2024-09-10,230,199,31,0:00:35,0:02:58,0:05:19
2024-09-11,206,193,13,0:00:33,0:02:39,0:05:21
2024-09-12,226,194,32,0:00:29,0:02:48,0:05:05
2024-09-13,175,154,21,0:00:34,0:03:09,0:03:06
2024-09-14,163,150,13,0:00:36,0:02:51,0:05:53
2024-09-15,17,14,3,0:00:47,0:03:08,0:02:52
2024-09-16,172,145,27,0:00:38,0:02:57,0:04:08
2024-09-17,163,142,21,0:00:33,0:02:44,0:09:18
2024-09-18,190,159,31,0:00:41,0:02:56,0:05:43
2024-09-19,156,146,10,0:00:28,0:02:49,0:03:27
2024-09-20,191,172,19,0:00:28,0:02:39,0:03:04
2024-09-21,158,120,38,0:00:29,0:02:54,0:06:35
2024-09-22,26,26,0,0:00:17,0:03:01,0:01:18
2024-09-23,154,140,14,0:00:21,0:02:58,0:06:40
2024-09-24,131,125,6,0:00:08,0:02:39,0:01:02
2024-09-25,191,187,4,0:00:18,0:02:33,0:02:53
2024-09-26,259,227,32,0:00:33,0:02:57,0:04:35
2024-09-27,218,188,30,0:00:30,0:02:52,0:05:10
2024-09-28,181,151,30,0:00:32,0:02:45,0:06:12
2024-09-29,61,59,2,0:00:16,0:01:31,0:03:06
2024-09-30,168,154,14,0:00:28,0:02:56,0:03:16
2024-10-01,194,172,22,0:00:21,0:02:40,0:03:23
2024-10-02,173,157,16,0:00:19,0:02:34,0:02:07
2024-10-03,158,124,34,0:00:50,0:03:04,0:06:01
2024-10-04,188,158,30,0:00:33,0:02:52,0:05:10
2024-10-05,14,14,0,0:00:15,0:03:43,0:01:32
2024-10-06,18,18,0,0:00:03,0:02:56,0:00:06
2024-10-07,161,148,13,0:00:22,0:02:36,0:03:15
2024-10-08,144,134,10,0:00:22,0:02:51,0:05:10
2024-10-09,199,175,24,0:00:29,0:02:47,0:04:11
2024-10-10,202,150,52,0:00:37,0:02:47,0:04:17
2024-10-11,395,362,33,0:00:31,0:02:50,0:05:46
2024-10-12,244,205,39,0:00:29,0:02:18,0:05:10
2024-10-13,29,28,1,0:00:09,0:02:28,0:01:05
2024-10-14,30,29,1,0:00:19,0:02:30,0:02:31
2024-10-15,289,273,16,0:00:16,0:02:20,0:03:06
2024-10-16,492,380,112,0:00:39,0:02:08,0:07:58
2024-10-17,286,230,56,0:00:40,0:02:52,0:06:13
2024-10-18,175,163,12,0:00:17,0:02:46,0:02:44
2024-10-19,170,152,18,0:00:13,0:02:37,0:05:10
2024-10-20,27,24,3,0:00:20,0:02:05,0:03:43
2024-10-21,177,153,24,0:00:29,0:02:46,0:03:06
2024-10-22,37,27,10,0:00:36,0:02:55,0:03:57
2024-10-23,189,171,18,0:00:27,0:02:49,0:03:28
2024-10-24,162,149,13,0:00:23,0:02:47,0:04:52
2024-10-25,236,215,21,0:00:22,0:02:34,0:08:08
2024-10-26,163,157,6,0:00:13,0:02:32,0:05:10
2024-10-27,27,24,3,0:00:18,0:02:10,0:03:51
2024-10-28,170,155,15,0:00:26,0:03:18,0:03:08
2024-10-29,333,301,32,0:00:23,0:02:29,0:06:59
2024-10-30,239,208,31,0:00:20,0:02:44,0:05:18
2024-10-31,37,34,3,0:00:14,0:02:16,0:03:44
2024-11-01,188,167,21,0:00:18,0:02:43,0:06:12
2024-11-02,140,132,8,0:00:10,0:02:57,0:03:28
2024-11-03,13,11,2,0:00:46,0:02:07,0:02:35
2024-11-04,162,152,10,0:00:23,0:02:28,0:02:52
2024-11-05,150,144,6,0:00:15,0:02:46,0:03:01
2024-11-06,180,167,13,0:00:22,0:02:42,0:05:24
2024-11-07,226,210,16,0:00:21,0:03:00,0:04:47
2024-11-08,277,273,4,0:00:10,0:02:00,0:02:03
2024-11-09,191,172,19,0:00:20,0:02:41,0:03:36
2024-11-10,26,22,4,0:00:34,0:02:23,0:06:18
2024-11-11,179,167,12,0:00:35,0:02:56,0:03:15
2024-11-12,150,144,6,0:00:28,0:02:47,0:03:48
2024-11-13,147,147,0,0:00:11,0:02:51,0:02:03
2024-11-14,141,134,7,0:00:19,0:02:44,0:08:19
2024-11-15,179,163,16,0:00:19,0:02:35,0:07:16
2024-11-16,169,169,0,0:00:09,0:02:45,0:01:05
2024-11-17,27,21,6,0:00:27,0:02:28,0:02:04
2024-11-18,148,140,8,0:00:12,0:02:48,0:02:11
2024-11-19,128,122,6,0:00:21,0:02:48,0:02:07
2024-11-20,142,135,7,0:00:17,0:02:27,0:04:08
2024-11-21,213,181,32,0:00:38,0:02:39,0:04:08
2024-11-22,181,163,18,0:00:33,0:02:54,0:04:58
2024-11-23,199,190,9,0:00:25,0:02:32,0:02:22
2024-11-24,21,17,4,0:00:44,0:03:31,0:04:37
2024-11-25,173,161,12,0:00:16,0:02:35,0:06:14
2024-11-26,200,196,4,0:00:09,0:02:51,0:02:01
2024-11-27,167,157,10,0:00:24,0:02:40,0:01:54
2024-11-28,232,217,15,0:00:27,0:02:39,0:02:03
2024-11-29,175,168,7,0:00:24,0:02:57,0:02:54
2024-11-30,251,185,66,0:01:00,0:03:02,0:05:00
2024-12-01,36,27,9,0:00:48,0:02:56,0:03:53
2024-12-02,201,179,22,0:00:27,0:02:41,0:09:40
2024-12-03,190,181,9,0:00:19,0:02:59,0:02:44
2024-12-04,231,219,12,0:00:30,0:03:15,0:06:25
2024-12-05,257,235,22,0:00:27,0:02:56,0:03:52
2024-12-06,596,521,75,0:00:29,0:02:16,0:04:21
2024-12-07,566,551,15,0:00:12,0:01:40,0:01:46
2024-12-08,150,149,1,0:00:10,0:01:40,0:02:11
2024-12-09,525,499,26,0:00:23,0:01:36,0:03:04
2024-12-10,334,309,25,0:00:21,0:03:19,0:06:32
2024-12-11,300,288,12,0:00:13,0:03:20,0:04:03
2024-12-12,295,287,8,0:00:14,0:03:28,0:03:19
2024-12-13,262,253,9,0:00:10,0:03:03,0:05:48
2024-12-14,225,210,15,0:00:16,0:03:07,0:05:23
2024-12-15,59,58,1,0:00:21,0:03:41,0:03:12
2024-12-16,342,327,15,0:00:21,0:01:55,0:03:46
2024-12-17,288,280,8,0:00:13,0:03:05,0:01:56
2024-12-18,271,257,14,0:00:16,0:03:04,0:03:49
2024-12-19,271,261,10,0:00:12,0:03:06,0:04:29
2024-12-20,287,273,14,0:00:12,0:03:14,0:02:53
2024-12-21,255,229,26,0:00:22,0:02:59,0:03:06
2024-12-22,47,47,0,0:00:13,0:03:03,0:01:29
2024-12-23,234,225,9,0:00:13,0:03:02,0:01:57
2024-12-24,258,248,10,0:00:14,0:03:14,0:03:42
2024-12-25,247,234,13,0:00:11,0:03:01,0:01:56
2024-12-26,267,265,2,0:00:05,0:02:59,0:01:13
2024-12-27,232,224,8,0:00:11,0:02:56,0:02:54
2024-12-28,238,226,12,0:00:19,0:03:04,0:03:06
2024-12-29,81,78,3,0:00:11,0:02:57,0:00:58
2024-12-30,282,273,9,0:00:11,0:03:02,0:03:21
2024-12-31,401,387,14,0:00:11,0:02:51,0:02:25
2025-01-01,291,287,4,0:00:11,0:02:36,0:03:38
2025-01-02,291,281,10,0:00:07,0:03:03,0:01:00
2025-01-03,230,227,3,0:00:08,0:03:06,0:01:12
2025-01-04,240,216,24,0:00:17,0:03:09,0:02:54
2025-01-05,45,44,1,0:00:05,0:02:45,0:01:56
2025-01-06,251,238,13,0:00:11,0:02:42,0:01:58
2025-01-07,354,328,26,0:00:28,0:02:31,0:02:28
2025-01-08,372,306,66,0:00:27,0:02:26,0:06:41
2025-01-09,263,256,7,0:00:13,0:02:50,0:02:54
2025-01-10,304,288,16,0:00:21,0:02:56,0:02:59
2025-01-11,305,268,37,0:00:28,0:02:49,0:02:58
2025-01-12,50,49,1,0:00:24,0:02:55,0:02:08
2025-01-13,287,273,14,0:00:21,0:02:49,0:03:30
2025-01-14,77,75,2,0:00:09,0:02:43,0:02:10
2025-01-15,334,321,13,0:00:17,0:02:58,0:03:34
2025-01-16,285,266,19,0:00:22,0:03:10,0:08:12
2025-01-17,257,248,9,0:00:14,0:03:00,0:03:52
2025-01-18,177,176,1,0:00:12,0:02:37,0:01:45
2025-01-19,27,24,3,0:00:13,0:02:15,0:01:08
2025-01-20,307,305,2,0:00:09,0:03:01,0:01:42
2025-01-21,589,577,12,0:00:10,0:02:08,0:01:56
2025-01-22,271,265,6,0:00:07,0:02:44,0:01:56
2025-01-23,309,297,12,0:00:14,0:02:59,0:02:55
2025-01-24,242,238,4,0:00:06,0:02:42,0:01:55
2025-01-25,196,182,14,0:00:12,0:02:57,0:01:36
2025-01-26,21,21,0,0:00:12,0:03:07,0:01:34
2025-01-27,291,288,3,0:00:07,0:02:46,0:01:24
2025-01-28,523,479,44,0:00:26,0:02:40,0:03:31
2025-01-29,453,447,6,0:00:06,0:02:04,0:03:52
2025-01-30,375,375,0,0:00:05,0:02:13,0:01:05
2025-01-31,309,287,22,0:00:19,0:02:15,0:04:50
2025-02-01,242,235,7,0:00:15,0:02:40,0:01:57
2025-02-02,34,34,0,0:00:18,0:03:01,0:02:08
2025-02-03,250,238,12,0:00:19,0:02:43,0:04:33
2025-02-04,326,307,19,0:00:13,0:02:42,0:03:28
2025-02-05,260,257,3,0:00:10,0:02:29,0:01:42
2025-02-06,317,311,6,0:00:10,0:02:41,0:02:54
2025-02-07,60,59,1,0:00:03,0:02:41,0:01:55
2025-02-08,270,251,19,0:00:19,0:02:27,0:07:44
2025-02-09,30,29,1,0:00:08,0:02:00,0:00:46
2025-02-10,248,238,10,0:00:13,0:02:35,0:02:54
2025-02-11,378,365,13,0:00:15,0:03:00,0:03:30
2025-02-12,318,306,12,0:00:13,0:02:55,0:01:58
2025-02-13,311,304,7,0:00:07,0:02:51,0:01:40
2025-02-14,342,327,15,0:00:23,0:02:55,0:02:34
2025-02-15,309,289,20,0:00:24,0:02:43,0:05:04
2025-02-16,40,40,0,0:00:05,0:02:46,0:00:51
2025-02-17,379,370,9,0:00:11,0:02:52,0:02:36
2025-02-18,425,416,9,0:00:14,0:02:54,0:03:41
2025-02-19,356,353,3,0:00:05,0:02:48,0:01:04
2025-02-20,322,308,14,0:00:10,0:02:33,0:03:24
2025-02-21,353,341,12,0:00:11,0:02:50,0:01:49
2025-02-22,85,83,2,0:00:13,0:02:47,0:03:44
2025-02-23,44,43,1,0:00:09,0:02:33,0:03:52
2025-02-24,393,363,30,0:00:19,0:03:06,0:02:54
2025-02-25,283,280,3,0:00:06,0:03:05,0:01:49
2025-02-26,241,238,3,0:00:05,0:02:55,0:03:16
2025-02-27,281,273,8,0:00:09,0:02:46,0:03:38
2025-02-28,298,273,25,0:00:26,0:03:16,0:02:44
2025-03-01,298,246,52,0:00:27,0:03:04,0:04:44
2025-03-02,32,32,0,0:00:06,0:02:43,0:01:10
2025-03-03,271,263,8,0:00:12,0:02:52,0:02:00
2025-03-04,212,208,4,0:00:08,0:02:43,0:02:34
2025-03-05,247,238,9,0:00:07,0:02:53,0:03:48
2025-03-06,194,190,4,0:00:08,0:02:43,0:03:34
2025-03-07,179,176,3,0:00:06,0:02:44,0:01:43
2025-03-08,67,65,2,0:00:09,0:02:36,0:01:59
2025-03-09,27,27,0,0:00:09,0:02:27,0:01:33
2025-03-10,191,183,8,0:00:09,0:02:38,0:02:54
2025-03-11,214,205,9,0:00:10,0:02:38,0:05:02
2025-03-12,208,205,3,0:00:04,0:02:36,0:02:53
2025-03-13,166,165,1,0:00:08,0:02:41,0:03:31
2025-03-14,170,161,9,0:00:18,0:02:52,0:03:37
2025-03-15,176,167,9,0:00:10,0:02:29,0:03:52
2025-03-16,43,43,0,0:00:04,0:02:42,0:00:29
2025-03-17,24,24,0,0:00:03,0:02:46,0:00:03
2025-03-18,26,26,0,0:00:05,0:02:52,0:00:58
2025-03-19,42,41,1,0:00:03,0:02:41,0:00:03
2025-03-20,37,36,1,0:00:05,0:02:24,0:04:50
2025-03-21,60,60,0,0:00:05,0:03:07,0:01:01
2025-03-22,82,81,1,0:00:03,0:02:24,0:00:58
2025-03-23,31,31,0,0:00:06,0:02:20,0:01:01
2025-03-24,179,171,8,0:00:16,0:02:43,0:02:06
2025-03-25,184,175,9,0:00:13,0:02:27,0:04:38
2025-03-26,39,37,2,0:00:03,0:02:53,0:00:58
2025-03-27,170,167,3,0:00:12,0:02:24,0:02:50
2025-03-28,182,168,14,0:00:12,0:02:46,0:04:29
2025-03-29,24,24,0,0:00:04,0:02:36,0:00:21
2025-03-30,7,7,0,0:00:33,0:02:39,0:01:33
2025-03-31,181,181,0,0:00:12,0:02:47,0:01:29
2025-04-01,209,206,3,0:00:05,0:02:42,0:00:58
2025-04-02,180,179,1,0:00:04,0:02:28,0:01:02
2025-04-03,224,203,21,0:00:12,0:02:43,0:02:55
2025-04-04,255,248,7,0:00:10,0:02:48,0:03:07
2025-04-05,637,577,60,0:00:41,0:02:39,0:05:20
2025-04-06,168,159,9,0:00:18,0:03:10,0:03:55
2025-04-07,608,554,54,0:00:25,0:02:35,0:04:50
2025-04-08,304,300,4,0:00:07,0:02:35,0:02:55
2025-04-09,268,260,8,0:00:08,0:02:56,0:01:54
2025-04-10,287,281,6,0:00:11,0:02:40,0:02:54
2025-04-11,196,192,4,0:00:13,0:02:43,0:02:06
2025-04-12,191,189,2,0:00:11,0:03:00,0:02:34
2025-04-13,60,60,0,0:00:06,0:01:58,0:00:59
2025-04-14,216,207,9,0:00:10,0:02:40,0:01:44
2025-04-15,222,213,9,0:00:08,0:02:35,0:01:47
2025-04-16,202,193,9,0:00:03,0:02:46,0:00:58
2025-04-17,205,202,3,0:00:05,0:02:48,0:01:09
2025-04-18,202,194,8,0:00:14,0:02:44,0:02:29
2025-04-19,141,132,9,0:00:07,0:01:51,0:01:56
2025-04-20,29,28,1,0:00:13,0:03:09,0:01:47
2025-04-21,403,372,31,0:00:21,0:02:51,0:04:13
2025-04-22,256,249,7,0:00:15,0:03:01,0:02:09
2025-04-23,284,278,6,0:00:17,0:02:38,0:01:59
2025-04-24,231,222,9,0:00:21,0:02:46,0:02:45
2025-04-25,185,183,2,0:00:10,0:03:15,0:01:20
2025-04-26,197,194,3,0:00:13,0:02:49,0:02:01
2025-04-27,15,14,1,0:00:12,0:03:14,0:01:48
2025-04-28,230,228,2,0:00:07,0:02:47,0:01:01
2025-04-29,233,224,9,0:00:12,0:02:51,0:01:34
2025-04-30,238,231,7,0:00:11,0:03:01,0:01:59
2025-05-01,42,39,3,0:00:17,0:02:51,0:01:40
2025-05-02,215,211,4,0:00:06,0:03:06,0:02:54
2025-05-03,153,152,1,0:00:04,0:02:35,0:00:55
2025-05-04,39,39,0,0:00:14,0:03:42,0:01:37
2025-05-05,336,322,14,0:00:17,0:02:56,0:02:18
2025-05-06,238,225,13,0:00:13,0:02:53,0:01:56
2025-05-07,186,182,4,0:00:08,0:02:38,0:02:10
2025-05-08,203,197,6,0:00:13,0:02:33,0:01:56
2025-05-09,185,182,3,0:00:08,0:02:49,0:02:33
2025-05-10,38,38,0,0:00:04,0:03:26,0:00:57
2025-05-11,25,24,1,0:00:03,0:02:44,0:00:46
2025-05-12,204,195,9,0:00:08,0:02:38,0:08:34
2025-05-13,296,292,4,0:00:04,0:02:40,0:00:58
2025-05-14,235,223,12,0:00:09,0:02:47,0:01:46
2025-05-15,198,194,4,0:00:08,0:02:42,0:01:43
2025-05-16,181,179,2,0:00:04,0:02:39,0:00:48
2025-05-17,166,162,4,0:00:06,0:02:39,0:01:01
2025-05-18,19,19,0,0:00:03,0:02:27,0:00:03
2025-05-19,199,181,18,0:00:14,0:02:37,0:02:36
2025-05-20,176,172,4,0:00:16,0:02:30,0:02:56
2025-05-21,223,209,14,0:00:12,0:02:42,0:02:50
2025-05-22,197,191,6,0:00:14,0:02:51,0:05:54
2025-05-23,212,202,10,0:00:15,0:02:46,0:02:54
2025-05-24,202,194,8,0:00:16,0:02:49,0:03:28
2025-05-25,23,22,1,0:00:10,0:03:02,0:01:02
2025-05-26,228,210,18,0:00:10,0:02:37,0:03:37
2025-05-27,203,195,8,0:00:11,0:02:47,0:01:52
2025-05-28,192,184,8,0:00:07,0:02:50,0:01:56
2025-05-29,212,209,3,0:00:10,0:02:51,0:01:45
2025-05-30,211,203,8,0:00:12,0:03:22,0:03:52
2025-05-31,168,159,9,0:00:16,0:03:16,0:02:42
